Player Hand,Player Value,Banker Hand,Banker Value,Winner
2 of Clubs-9 of Diamonds-2 of Diamonds,3,K of Hearts-8 of Clubs,8,Banker
5 of Spades-J of Hearts-A of Clubs,6,Q of Hearts-9 of Clubs,9,Banker
J of Hearts-3 of Hearts-K of Hearts,3,A of Hearts-9 of Hearts-8 of Clubs,8,Banker
4 of Spades-7 of Clubs-2 of Clubs,3,8 of Clubs-5 of Spades-K of Hearts,3,Tie
A of Clubs-10 of Clubs-Q of Diamonds,1,4 of Diamonds-3 of Diamonds,7,Banker
6 of Spades-2 of Spades,8,8 of Spades-10 of Hearts,8,Tie
A of Spades-9 of Diamonds-7 of Spades,7,A of Hearts-9 of Hearts-K of Diamonds,0,Player
A of Clubs-4 of Clubs-9 of Clubs,4,Q of Spades-8 of Hearts,8,Banker
A of Diamonds-7 of Diamonds,8,2 of Clubs-A of Clubs-10 of Spades,3,Player
8 of Diamonds-3 of Diamonds-7 of Clubs,8,9 of Spades-7 of Hearts,6,Player
